Station_ID,City,Fuel_Type,Fuel_Sold_Liters,Price_Per_Liter,Customer_Count,Payment_Mode,Employee_Count,Daily_Expense,Customer_Rating,Revenue,Profit
1001,Mumbai,Diesel,3552,104.98,242,Cash,23,37828,4.1,372888.96,335060.96
1002,Delhi,CNG,1014,100.62,89,UPI,23,31489,1.8,102028.68,70539.68
1003,Hyderabad,Petrol,1408,103.17,230,Card,17,19387,2.0,145263.36,125876.36
1004,Delhi,CNG,4277,106.18,120,Cash,11,8927,3.7,454131.86,445204.86
1005,Delhi,Petrol,613,106.14,205,UPI,19,11296,4.4,65063.82,53767.82
1006,Bangalore,Petrol,2020,112.46,151,Card,27,35444,2.8,227169.2,191725.2
1007,Hyderabad,Electric,3694,118.93,130,UPI,11,7591,4.1,439327.42,431736.42
1008,Hyderabad,Petrol,4941,100.36,151,Cash,12,31147,3.2,495878.76,464731.76
1009,Hyderabad,Petrol,1509,119.25,39,UPI,9,6200,4.6,179948.25,173748.25
1010,Delhi,Electric,4902,111.38,43,Card,25,20721,4.8,545984.76,525263.76
1011,Mumbai,Electric,4666,101.19,246,UPI,18,24238,5.0,472152.54,447914.54
1012,Hyderabad,Diesel,3290,113.99,173,Cash,8,16087,4.5,375027.1,358940.1
1013,Delhi,Diesel,4591,115.49,249,UPI,27,35816,4.4,530214.59,494398.59
1014,Bangalore,Petrol,1655,98.32,221,UPI,14,28408,3.0,162719.6,134311.6
1015,Mumbai,Petrol,904,115.86,57,UPI,24,5136,3.3,104737.44,99601.44
1016,Bangalore,Petrol,1379,110.6,279,UPI,19,22413,3.7,152517.4,130104.4
1017,Mumbai,Diesel,3677,120.95,207,Cash,22,23978,4.4,444733.15,420755.15
1018,Delhi,Diesel,3001,98.61,76,Card,24,5661,4.8,295928.61,290267.61
1019,Chennai,Diesel,1487,99.17,39,Cash,17,32253,3.0,147465.79,115212.79
1020,Mumbai,Diesel,4788,85.79,292,UPI,12,31884,4.8,410762.52,378878.52
1021,Bangalore,Petrol,2861,106.57,138,Cash,13,37854,4.2,304896.77,267042.77
1022,Delhi,Diesel,2779,105.0,90,UPI,20,15704,4.0,291795.0,276091.0
1023,Mumbai,Petrol,2206,97.5,23,UPI,23,29527,3.0,215085.0,185558.0
1024,Chennai,Diesel,4323,101.35,240,UPI,20,21322,2.6,438136.05,416814.05
1025,Chennai,Petrol,4931,91.51,33,Cash,11,11968,3.9,451235.81,439267.81
1026,Hyderabad,CNG,2868,111.59,22,UPI,18,32518,4.1,320040.12,287522.12
1027,Hyderabad,Petrol,4053,98.08,235,Cash,18,32886,3.0,397518.24,364632.24
1028,Bangalore,Petrol,3286,126.75,248,UPI,29,6700,3.9,416500.5,409800.5
1029,Mumbai,Petrol,3380,100.6,205,Card,8,33246,4.6,340028.0,306782.0
1030,Mumbai,Diesel,2673,95.92,74,UPI,19,28199,4.6,256394.16,228195.16
1031,Hyderabad,Diesel,4716,98.7,273,UPI,7,37115,4.8,465469.2,428354.2
1032,Mumbai,Petrol,2699,90.7,43,UPI,9,10520,3.4,244799.3,234279.3
1033,Mumbai,Petrol,4133,105.86,181,Cash,5,25929,3.3,437519.38,411590.38
1034,Chennai,Diesel,336,98.64,177,UPI,7,19955,2.1,33143.04,13188.04
1035,Hyderabad,Petrol,1404,111.05,101,UPI,19,18917,3.6,155914.2,136997.2
1036,Delhi,CNG,3530,99.8,178,UPI,28,9757,2.4,352294.0,342537.0
1037,Hyderabad,Diesel,1401,113.08,207,Cash,12,18045,3.2,158425.08,140380.08
1038,Delhi,Petrol,2641,108.06,79,Card,8,9733,3.5,285386.46,275653.46
1039,Chennai,Petrol,2151,102.23,230,UPI,6,35954,3.2,219896.73,183942.73
1040,Bangalore,Electric,541,114.64,171,Card,28,36135,3.3,62020.24,25885.24
1041,Mumbai,Petrol,2176,109.62,128,UPI,28,12081,3.2,238533.12,226452.12
1042,Chennai,Petrol,3280,125.57,95,UPI,14,28501,2.6,411869.6,383368.6
1043,Mumbai,CNG,2757,98.72,49,Cash,8,26113,4.1,272171.04,246058.04
1044,Bangalore,Electric,3898,102.61,136,Cash,7,39441,4.0,399973.78,360532.78
1045,Bangalore,Electric,904,114.55,211,Card,6,29690,4.1,103553.2,73863.2
1046,Chennai,Diesel,174,89.65,38,Cash,29,34345,3.0,15599.1,-18745.9
1047,Bangalore,Petrol,2275,112.54,192,Card,21,31829,3.2,256028.5,224199.5
1048,Delhi,Petrol,4024,105.51,247,UPI,27,8630,1.6,424572.24,415942.24
1049,Bangalore,Diesel,2189,94.89,202,Cash,25,36870,4.0,207714.21,170844.21
1050,Mumbai,Diesel,140,91.1,132,Cash,28,8453,3.8,12754.0,4301.0
1051,Mumbai,Petrol,2181,96.62,202,Cash,24,13328,3.4,210728.22,197400.22
1052,Mumbai,Electric,4783,83.72,165,Card,27,20534,4.8,400432.76,379898.76
1053,Mumbai,Petrol,1722,98.08,135,UPI,17,24744,3.3,168893.76,144149.76
1054,Delhi,Diesel,441,106.98,132,UPI,9,24389,3.6,47178.18,22789.18
1055,Hyderabad,Petrol,4152,98.19,270,UPI,25,19665,4.2,407684.88,388019.88
1056,Chennai,Diesel,2174,113.11,270,Cash,13,13640,3.9,245901.14,232261.14
1057,Mumbai,Petrol,745,115.28,137,UPI,29,39716,1.9,85883.6,46167.6
1058,Bangalore,Petrol,4926,112.21,180,Cash,29,30521,3.6,552746.46,522225.46
1059,Mumbai,Petrol,4363,103.85,217,Card,26,35049,4.5,453097.55,418048.55
1060,Bangalore,Diesel,709,83.4,279,UPI,10,10618,3.2,59130.6,48512.6
1061,Bangalore,Diesel,554,96.37,167,UPI,9,6920,2.9,53388.98,46468.98
1062,Mumbai,Diesel,3053,100.86,259,UPI,29,9188,3.3,307925.58,298737.58
1063,Delhi,Electric,1808,94.85,66,UPI,14,17207,4.6,171488.8,154281.8
1064,Bangalore,Petrol,3572,100.88,217,Card,12,5238,2.7,360343.36,355105.36
1065,Bangalore,Petrol,3069,114.88,66,UPI,11,37972,5.0,352566.72,314594.72
1066,Mumbai,CNG,3128,88.83,97,Cash,11,15799,3.9,277860.24,262061.24
1067,Bangalore,Petrol,4897,116.49,143,UPI,10,10552,5.0,570451.53,559899.53
1068,Bangalore,Electric,2781,109.08,94,Cash,25,33916,4.8,303351.48,269435.48
1069,Mumbai,Petrol,3729,104.15,156,Cash,24,9927,1.8,388375.35,378448.35
1070,Mumbai,Electric,4325,96.29,109,Card,7,32964,3.0,416454.25,383490.25
1071,Chennai,Petrol,3167,95.01,80,UPI,23,16164,2.9,300896.67,284732.67
1072,Delhi,CNG,1486,88.99,157,Card,26,24071,2.0,132239.14,108168.14
1073,Delhi,Diesel,3876,115.73,69,UPI,19,11160,4.3,448569.48,437409.48
1074,Bangalore,Electric,2966,114.3,278,UPI,8,20810,3.2,339013.8,318203.8
1075,Delhi,Petrol,4888,90.75,126,Cash,16,10126,3.4,443586.0,433460.0
1076,Bangalore,Diesel,3463,97.58,132,Cash,10,35009,3.6,337919.54,302910.54
1077,Chennai,Electric,4989,105.47,273,Card,23,38584,4.8,526189.83,487605.83
1078,Mumbai,Diesel,4224,99.6,137,UPI,8,30396,3.0,420710.4,390314.4
1079,Mumbai,Diesel,248,86.65,217,Card,19,5192,2.5,21489.2,16297.2
1080,Mumbai,Diesel,3950,96.74,70,UPI,13,17816,2.7,382123.0,364307.0
1081,Delhi,Diesel,2158,117.61,264,Cash,9,37130,1.6,253802.38,216672.38
1082,Chennai,Diesel,1236,97.28,54,UPI,17,35698,4.1,120238.08,84540.08
1083,Delhi,Diesel,286,100.69,88,UPI,27,15655,3.2,28797.34,13142.34
1084,Delhi,Electric,2954,92.84,68,Cash,22,35075,2.9,274249.36,239174.36
1085,Chennai,Petrol,1350,106.7,93,Card,9,14359,3.2,144045.0,129686.0
1086,Chennai,Petrol,1433,102.92,211,UPI,29,38272,2.8,147484.36,109212.36
1087,Chennai,Electric,4293,96.06,280,Cash,20,19671,4.9,412385.58,392714.58
1088,Chennai,CNG,4250,91.56,89,UPI,23,32048,4.5,389130.0,357082.0
1089,Mumbai,Diesel,2811,113.24,109,Card,18,15738,3.7,318317.64,302579.64
1090,Hyderabad,Diesel,4953,89.16,279,Cash,29,30963,4.7,441609.48,410646.48
1091,Hyderabad,Petrol,4601,106.03,145,Card,20,11773,2.5,487844.03,476071.03
1092,Chennai,Petrol,1885,84.77,250,Cash,19,34894,4.3,159791.45,124897.45
1093,Hyderabad,Diesel,850,107.66,148,UPI,26,5717,4.6,91511.0,85794.0
1094,Hyderabad,Petrol,1862,109.76,299,UPI,8,16676,3.4,204373.12,187697.12
1095,Chennai,Diesel,4020,110.76,119,UPI,11,9434,4.4,445255.2,435821.2
1096,Hyderabad,Petrol,4560,100.71,201,UPI,20,34100,1.9,459237.6,425137.6
1097,Delhi,Electric,581,114.67,193,UPI,28,9994,2.3,66623.27,56629.27
1098,Bangalore,Electric,253,120.46,207,UPI,26,9234,2.8,30476.38,21242.38
1099,Bangalore,Diesel,1624,99.43,76,UPI,25,8764,3.6,161474.32,152710.32
1100,Chennai,Diesel,2220,98.39,50,Cash,26,39872,4.3,218425.8,178553.8
1101,Mumbai,Petrol,2443,103.19,103,Card,25,28185,4.9,252093.17,223908.17
1102,Chennai,CNG,1340,98.18,171,UPI,12,16999,4.0,131561.2,114562.2
1103,Mumbai,Diesel,160,97.01,55,Card,21,7581,4.7,15521.6,7940.6
1104,Bangalore,Petrol,1038,97.71,232,Cash,20,7763,4.6,101422.98,93659.98
1105,Chennai,Electric,1739,115.73,125,UPI,27,32374,2.9,201254.47,168880.47
1106,Delhi,CNG,4220,108.18,239,UPI,14,15531,3.7,456519.6,440988.6
1107,Hyderabad,Electric,4326,98.15,182,UPI,14,30307,2.8,424596.9,394289.9
1108,Mumbai,Diesel,3669,82.36,239,UPI,6,35835,4.2,302178.84,266343.84
1109,Hyderabad,Diesel,1352,89.64,289,Cash,13,16064,4.9,121193.28,105129.28
1110,Hyderabad,Petrol,4303,106.03,139,UPI,21,16312,2.8,456247.09,439935.09
1111,Chennai,Electric,271,85.03,201,UPI,15,11476,4.3,23043.13,11567.13
1112,Hyderabad,CNG,1558,104.34,125,Cash,14,29565,4.1,162561.72,132996.72
1113,Delhi,Petrol,3649,93.48,236,UPI,26,7382,4.0,341108.52,333726.52
1114,Hyderabad,Petrol,4297,102.73,224,UPI,29,27463,3.5,441430.81,413967.81
1115,Chennai,Petrol,2422,102.51,89,Cash,21,38402,3.4,248279.22,209877.22
1116,Delhi,CNG,1736,102.96,63,Card,8,31345,2.6,178738.56,147393.56
1117,Bangalore,Electric,3215,98.84,247,Card,20,31946,3.0,317770.6,285824.6
1118,Hyderabad,Petrol,4190,98.58,203,UPI,24,19162,2.5,413050.2,393888.2
1119,Chennai,Diesel,3104,96.23,126,Cash,19,13397,4.0,298697.92,285300.92
1120,Bangalore,Petrol,429,105.87,103,UPI,29,27335,2.8,45418.23,18083.23
1121,Bangalore,Electric,3740,108.44,269,UPI,25,19394,4.7,405565.6,386171.6
1122,Mumbai,CNG,3994,92.25,40,UPI,9,32197,3.8,368446.5,336249.5
1123,Delhi,CNG,4207,101.59,215,UPI,10,27010,4.2,427389.13,400379.13
1124,Hyderabad,Diesel,1441,103.57,197,UPI,21,29123,3.5,149244.37,120121.37
1125,Chennai,Petrol,3763,103.47,26,UPI,5,27387,3.9,389357.61,361970.61
1126,Mumbai,Petrol,315,103.33,89,UPI,29,7890,4.9,32548.95,24658.95
1127,Delhi,Petrol,438,98.78,146,UPI,23,32769,2.7,43265.64,10496.64
1128,Mumbai,CNG,4162,104.23,179,Card,8,13026,3.1,433805.26,420779.26
1129,Delhi,CNG,2808,106.94,267,UPI,21,8306,4.4,300287.52,291981.52
1130,Delhi,Electric,3252,103.13,222,UPI,13,38665,2.7,335378.76,296713.76
1131,Hyderabad,Electric,1850,106.05,167,Card,28,14277,2.7,196192.5,181915.5
1132,Delhi,Diesel,2521,109.92,162,UPI,6,19683,3.4,277108.32,257425.32
1133,Mumbai,Diesel,809,87.19,218,UPI,12,5670,2.7,70536.71,64866.71
1134,Delhi,Electric,3826,109.55,173,UPI,19,28675,4.0,419138.3,390463.3
1135,Hyderabad,CNG,3742,104.74,161,UPI,11,22889,3.1,391937.08,369048.08
1136,Hyderabad,Petrol,4093,93.11,184,Card,10,18006,4.7,381099.23,363093.23
1137,Mumbai,Diesel,588,108.42,40,UPI,5,31531,4.5,63750.96,32219.96
1138,Bangalore,Petrol,146,98.81,101,Card,19,26639,4.2,14426.26,-12212.74
1139,Bangalore,Electric,3459,99.9,88,Cash,27,21633,4.0,345554.1,323921.1
1140,Delhi,Diesel,4973,97.94,150,Cash,11,39660,4.7,487055.62,447395.62
1141,Chennai,Petrol,4906,104.42,106,UPI,29,8439,3.1,512284.52,503845.52
1142,Delhi,Diesel,500,95.72,237,UPI,21,37172,4.7,47860.0,10688.0
1143,Mumbai,Diesel,4090,109.21,180,Cash,6,16577,4.5,446668.9,430091.9
1144,Mumbai,Petrol,3257,100.89,197,UPI,13,16763,4.4,328598.73,311835.73
1145,Mumbai,Petrol,4445,99.09,136,UPI,13,25176,3.9,440455.05,415279.05
1146,Mumbai,Diesel,490,108.02,215,Cash,17,29255,3.1,52929.8,23674.8
1147,Mumbai,Diesel,3953,99.44,105,Card,10,24996,3.6,393086.32,368090.32
1148,Hyderabad,Diesel,4530,109.59,100,Cash,10,26062,4.5,496442.7,470380.7
1149,Bangalore,Diesel,728,109.84,171,UPI,24,39693,2.6,79963.52,40270.52
1150,Mumbai,CNG,4332,91.32,80,UPI,24,16705,4.5,395598.24,378893.24
1151,Chennai,Diesel,3030,110.87,80,Card,25,33047,3.1,335936.1,302889.1
1152,Chennai,Diesel,1621,90.3,47,Cash,7,15966,2.9,146376.3,130410.3
1153,Chennai,CNG,926,111.37,62,Card,21,22374,2.8,103128.62,80754.62
1154,Chennai,Petrol,4922,118.23,188,UPI,21,16138,2.6,581928.06,565790.06
1155,Hyderabad,Petrol,1600,109.0,105,UPI,16,20935,3.8,174400.0,153465.0
1156,Chennai,Petrol,3394,84.74,196,UPI,20,5489,3.0,287607.56,282118.56
1157,Mumbai,Diesel,2519,110.51,36,Card,19,27260,5.0,278374.69,251114.69
1158,Delhi,Diesel,1034,119.97,117,UPI,17,31069,3.9,124048.98,92979.98
1159,Chennai,Diesel,3142,99.58,217,UPI,27,24275,2.8,312880.36,288605.36
1160,Hyderabad,Petrol,4597,101.72,117,UPI,5,37821,4.2,467606.84,429785.84
1161,Hyderabad,Petrol,1566,92.49,84,UPI,21,21999,4.7,144839.34,122840.34
1162,Chennai,Petrol,3661,104.5,24,Card,7,38722,1.6,382574.5,343852.5
1163,Delhi,Petrol,714,112.15,21,Cash,19,15625,2.7,80075.1,64450.1
1164,Chennai,Diesel,1282,107.58,41,Card,8,6629,4.7,137917.56,131288.56
1165,Hyderabad,Petrol,3323,127.14,131,Cash,8,15973,2.0,422486.22,406513.22
1166,Bangalore,Petrol,2767,102.26,76,Cash,22,11859,2.9,282953.42,271094.42
1167,Mumbai,Electric,230,88.95,85,Cash,21,26839,2.6,20458.5,-6380.5
1168,Hyderabad,Petrol,3083,103.37,117,UPI,23,32216,2.2,318689.71,286473.71
1169,Chennai,Diesel,4378,82.67,163,UPI,15,23945,2.9,361929.26,337984.26
1170,Mumbai,Diesel,4559,97.74,144,Cash,24,11539,4.6,445596.66,434057.66
1171,Chennai,Petrol,138,115.0,186,Cash,7,38625,3.4,15870.0,-22755.0
1172,Chennai,Diesel,4059,104.6,105,Card,12,9886,4.8,424571.4,414685.4
1173,Bangalore,CNG,3687,103.44,95,Card,18,12485,3.9,381383.28,368898.28
1174,Mumbai,Electric,1020,116.57,78,Card,5,36455,3.0,118901.4,82446.4
1175,Mumbai,Petrol,2869,99.84,157,Card,18,21767,2.8,286440.96,264673.96
1176,Bangalore,Electric,4211,112.09,118,UPI,6,33453,3.9,472010.99,438557.99
1177,Hyderabad,Diesel,592,103.03,211,Cash,27,15744,4.4,60993.76,45249.76
1178,Chennai,Petrol,1231,105.04,262,UPI,8,17226,4.5,129304.24,112078.24
1179,Delhi,Diesel,3621,92.26,68,UPI,28,32869,3.2,334073.46,301204.46
1180,Chennai,Electric,410,98.14,51,UPI,23,27588,3.0,40237.4,12649.4
1181,Chennai,Diesel,838,90.82,296,UPI,10,18440,2.5,76107.16,57667.16
1182,Hyderabad,Petrol,3341,101.24,39,Cash,29,36709,4.2,338242.84,301533.84
1183,Chennai,Diesel,645,105.12,173,UPI,5,27495,2.7,67802.4,40307.4
1184,Bangalore,Petrol,2561,93.12,87,UPI,21,5922,3.6,238480.32,232558.32
1185,Bangalore,Petrol,4446,118.39,233,UPI,12,32526,4.0,526361.94,493835.94
1186,Mumbai,Petrol,4954,104.22,162,UPI,23,12957,4.8,516305.88,503348.88
1187,Delhi,Petrol,1904,102.46,251,UPI,25,38998,3.3,195083.84,156085.84
1188,Chennai,Petrol,3312,108.16,232,Cash,5,29031,3.1,358225.92,329194.92
1189,Chennai,Petrol,3910,95.37,98,Cash,9,15006,4.1,372896.7,357890.7
1190,Hyderabad,Diesel,913,103.31,233,Card,20,30939,4.0,94322.03,63383.03
1191,Bangalore,Petrol,4224,96.27,135,UPI,10,25324,3.3,406644.48,381320.48
1192,Delhi,Petrol,2132,114.47,111,Cash,12,27867,1.6,244050.04,216183.04
1193,Mumbai,CNG,4672,93.53,289,Card,17,5203,4.6,436972.16,431769.16
1194,Bangalore,Diesel,4513,102.51,187,Cash,20,21544,3.1,462627.63,441083.63
1195,Mumbai,Diesel,344,104.63,77,UPI,7,20899,3.1,35992.72,15093.72
1196,Hyderabad,Petrol,4943,105.16,45,Cash,23,34063,3.8,519805.88,485742.88
1197,Hyderabad,Petrol,4892,97.35,85,UPI,16,30344,4.4,476236.2,445892.2
1198,Chennai,Petrol,371,94.84,267,UPI,20,8748,2.6,35185.64,26437.64
1199,Delhi,Petrol,3611,97.47,273,Cash,15,6093,4.2,351964.17,345871.17
1200,Mumbai,Petrol,1871,106.23,63,Card,14,20228,4.1,198756.33,178528.33
1201,Bangalore,Petrol,1362,100.85,116,UPI,29,25884,3.1,137357.7,111473.7
1202,Hyderabad,Petrol,2524,108.37,61,UPI,24,30183,4.2,273525.88,243342.88
1203,Chennai,Petrol,4461,105.82,246,Cash,8,21034,4.9,472063.02,451029.02
1204,Chennai,Diesel,1020,83.78,281,UPI,16,10710,2.6,85455.6,74745.6
1205,Mumbai,Petrol,3530,103.98,186,Cash,27,24259,3.3,367049.4,342790.4
1206,Hyderabad,Petrol,4535,120.0,298,UPI,6,38457,3.6,544200.0,505743.0
1207,Delhi,Diesel,4584,112.6,108,Card,28,25143,4.7,516158.4,491015.4
1208,Hyderabad,Diesel,2724,105.38,197,UPI,26,7103,4.9,287055.12,279952.12
1209,Mumbai,Petrol,3860,93.52,216,Cash,23,5365,3.6,360987.2,355622.2
1210,Mumbai,Diesel,2150,105.82,286,Cash,29,21103,4.4,227513.0,206410.0
1211,Hyderabad,Diesel,3600,107.92,287,Cash,9,37510,3.8,388512.0,351002.0
1212,Mumbai,Petrol,1265,99.97,93,UPI,12,29476,3.8,126462.05,96986.05
1213,Hyderabad,CNG,475,104.53,27,UPI,11,17742,3.2,49651.75,31909.75
1214,Bangalore,Electric,2133,114.08,183,Cash,18,17391,3.0,243332.64,225941.64
1215,Hyderabad,Petrol,245,95.14,104,UPI,28,33901,3.2,23309.3,-10591.7
1216,Hyderabad,Petrol,4488,93.53,91,Card,27,37001,3.9,419762.64,382761.64
1217,Mumbai,CNG,531,107.54,74,UPI,7,20623,2.6,57103.74,36480.74
1218,Mumbai,Diesel,804,105.66,66,Card,22,7378,4.8,84950.64,77572.64
1219,Chennai,Petrol,2732,110.23,257,UPI,20,26372,2.9,301148.36,274776.36
1220,Chennai,Petrol,4594,106.56,123,UPI,27,35746,3.1,489536.64,453790.64
1221,Bangalore,Petrol,1063,97.46,229,UPI,23,32923,3.8,103599.98,70676.98
1222,Chennai,Diesel,2334,105.46,61,UPI,23,14867,4.3,246143.64,231276.64
1223,Hyderabad,Diesel,2141,92.86,287,Cash,22,38724,2.7,198813.26,160089.26
1224,Mumbai,Petrol,1928,100.0,282,UPI,24,14306,3.3,192800.0,178494.0
1225,Chennai,Diesel,2208,106.02,278,UPI,20,19908,2.0,234092.16,214184.16
1226,Chennai,Diesel,4168,99.12,133,UPI,12,32081,3.2,413132.16,381051.16
1227,Bangalore,Petrol,1038,121.74,59,Cash,5,28386,3.3,126366.12,97980.12
1228,Bangalore,Petrol,4905,86.86,239,Card,21,33302,4.6,426048.3,392746.3
1229,Hyderabad,Diesel,906,97.62,148,UPI,16,24212,2.6,88443.72,64231.72
1230,Mumbai,CNG,1563,94.5,27,UPI,25,15698,3.7,147703.5,132005.5
1231,Bangalore,Diesel,3515,96.4,120,Cash,15,9594,3.4,338846.0,329252.0
1232,Chennai,Diesel,110,96.86,195,Card,9,30525,3.3,10654.6,-19870.4
1233,Mumbai,Petrol,1968,91.39,126,Card,16,19282,2.3,179855.52,160573.52
1234,Mumbai,Petrol,4967,108.02,120,UPI,21,19334,2.7,536535.34,517201.34
1235,Chennai,Diesel,984,97.62,279,UPI,10,34179,3.3,96058.08,61879.08
1236,Bangalore,Petrol,3664,103.31,265,UPI,5,11644,2.6,378527.84,366883.84
1237,Chennai,Petrol,1489,98.52,294,Cash,9,37933,4.5,146696.28,108763.28
1238,Mumbai,Petrol,3501,96.47,51,Cash,29,38687,3.5,337741.47,299054.47
1239,Delhi,Petrol,4421,115.38,156,UPI,18,22375,3.6,510094.98,487719.98
1240,Delhi,Petrol,924,109.38,31,UPI,9,35926,4.7,101067.12,65141.12
1241,Hyderabad,Petrol,2365,87.05,35,UPI,26,22642,4.1,205873.25,183231.25
1242,Chennai,Petrol,1036,86.21,148,Card,28,28993,2.5,89313.56,60320.56
1243,Chennai,Petrol,2900,110.34,82,UPI,5,26188,4.9,319986.0,293798.0
1244,Hyderabad,CNG,2653,97.84,128,UPI,22,37596,3.1,259569.52,221973.52
1245,Hyderabad,Diesel,3945,88.81,40,UPI,20,32772,2.8,350355.45,317583.45
1246,Hyderabad,Diesel,1896,110.37,177,Card,13,35857,4.4,209261.52,173404.52
1247,Mumbai,Diesel,153,103.35,288,Cash,23,15776,3.8,15812.55,36.55
1248,Chennai,Diesel,826,104.01,181,Card,26,37835,3.6,85912.26,48077.26
1249,Mumbai,Petrol,2836,108.48,279,Card,9,14788,3.1,307649.28,292861.28
1250,Hyderabad,Diesel,3270,91.52,121,Cash,6,10660,3.9,299270.4,288610.4
1251,Chennai,Diesel,2013,88.95,242,UPI,19,9478,3.2,179056.35,169578.35
1252,Mumbai,Diesel,1696,114.65,78,Card,11,13210,4.8,194446.4,181236.4
1253,Mumbai,Petrol,2014,90.5,266,UPI,8,15922,3.0,182267.0,166345.0
1254,Hyderabad,Petrol,2566,92.22,147,Card,5,38340,4.7,236636.52,198296.52
1255,Chennai,Petrol,2837,93.82,44,Card,17,23642,3.9,266167.34,242525.34
1256,Hyderabad,Petrol,949,118.64,150,UPI,24,16094,4.6,112589.36,96495.36
1257,Chennai,Diesel,2209,105.95,215,UPI,26,27423,4.3,234043.55,206620.55
1258,Delhi,Diesel,102,109.72,173,Card,11,38418,4.2,11191.44,-27226.56
1259,Bangalore,Petrol,4355,103.57,152,UPI,19,10741,3.3,451047.35,440306.35
1260,Bangalore,Electric,4169,97.18,246,Cash,27,11838,3.1,405143.42,393305.42
1261,Bangalore,Diesel,4976,107.05,208,Cash,18,8262,3.0,532680.8,524418.8
1262,Hyderabad,Petrol,992,89.55,284,UPI,27,9996,4.6,88833.6,78837.6
1263,Delhi,Petrol,2130,93.24,153,Card,23,27164,4.6,198601.2,171437.2
1264,Chennai,Petrol,3260,107.86,230,Card,26,35257,3.6,351623.6,316366.6
1265,Mumbai,Petrol,2476,91.14,79,UPI,28,19211,2.8,225662.64,206451.64
1266,Chennai,Petrol,4775,100.49,232,Cash,24,35453,3.5,479839.75,444386.75
1267,Mumbai,Petrol,2033,100.85,235,UPI,28,10232,4.0,205028.05,194796.05
1268,Chennai,Petrol,1480,97.77,245,Card,22,7217,3.6,144699.6,137482.6
1269,Delhi,Petrol,3781,86.39,150,Cash,14,29229,4.5,326640.59,297411.59
1270,Mumbai,CNG,1390,96.97,95,UPI,13,19232,5.0,134788.3,115556.3
1271,Hyderabad,Petrol,1740,95.4,296,Cash,29,30613,3.0,165996.0,135383.0
1272,Chennai,Diesel,2782,103.29,175,UPI,12,19026,3.6,287352.78,268326.78
1273,Chennai,Petrol,1087,102.88,267,Card,14,33554,3.6,111830.56,78276.56
1274,Mumbai,Electric,1318,105.02,237,UPI,21,35908,3.3,138416.36,102508.36
1275,Hyderabad,Petrol,1455,96.59,209,UPI,6,24610,3.0,140538.45,115928.45
1276,Hyderabad,Petrol,4365,106.18,182,UPI,10,12031,2.7,463475.7,451444.7
1277,Delhi,Electric,4716,89.55,199,Card,9,30515,4.7,422317.8,391802.8
1278,Hyderabad,CNG,4235,87.42,53,Cash,13,5570,3.5,370223.7,364653.7
1279,Hyderabad,CNG,1660,83.32,60,UPI,9,37254,3.7,138311.2,101057.2
1280,Hyderabad,Petrol,1518,98.01,94,UPI,22,24288,4.8,148779.18,124491.18
1281,Bangalore,Petrol,1054,95.97,298,Card,24,18288,4.4,101152.38,82864.38
1282,Delhi,Diesel,1083,108.31,195,UPI,13,34877,2.8,117299.73,82422.73
1283,Chennai,Electric,1074,96.81,169,Cash,21,23889,3.9,103973.94,80084.94
1284,Mumbai,Diesel,4233,104.19,292,UPI,21,5917,3.6,441036.27,435119.27
1285,Chennai,Diesel,4072,108.51,127,UPI,16,15066,4.5,441852.72,426786.72
1286,Delhi,Petrol,1013,96.51,158,Cash,11,34504,4.3,97764.63,63260.63
1287,Mumbai,Diesel,4649,104.38,290,Card,7,11982,4.2,485262.62,473280.62
1288,Delhi,Petrol,136,110.02,231,Cash,14,23062,3.4,14962.72,-8099.28
1289,Hyderabad,Petrol,3487,92.09,291,UPI,6,21999,4.5,321117.83,299118.83
1290,Mumbai,Petrol,1811,102.2,85,UPI,29,14941,2.6,185084.2,170143.2
1291,Hyderabad,Diesel,3120,96.54,267,UPI,7,28470,2.9,301204.8,272734.8
1292,Chennai,Petrol,895,92.6,175,UPI,20,26133,3.3,82877.0,56744.0
1293,Chennai,Petrol,4136,89.71,66,Card,6,9529,2.7,371040.56,361511.56
1294,Mumbai,Diesel,4788,92.47,220,UPI,28,22519,3.1,442746.36,420227.36
1295,Mumbai,Petrol,3211,102.48,167,UPI,14,17192,2.4,329063.28,311871.28
1296,Delhi,Diesel,1424,89.11,143,UPI,10,13566,4.9,126892.64,113326.64
1297,Delhi,Petrol,417,97.59,20,UPI,26,12226,3.3,40695.03,28469.03
1298,Hyderabad,Diesel,2496,108.51,266,Cash,15,26259,3.2,270840.96,244581.96
1299,Mumbai,Diesel,2262,105.59,147,UPI,27,39087,3.2,238844.58,199757.58
1300,Chennai,Petrol,2845,97.76,210,Card,11,6141,1.9,278127.2,271986.2
1301,Delhi,Petrol,1691,115.52,86,Cash,19,9627,2.6,195344.32,185717.32
1302,Delhi,Petrol,3211,117.14,23,UPI,10,7690,4.8,376136.54,368446.54
1303,Chennai,Petrol,4030,102.21,162,Card,24,8255,3.0,411906.3,403651.3
1304,Delhi,Electric,2096,82.25,210,Cash,13,10213,3.6,172396.0,162183.0
1305,Hyderabad,Petrol,1412,109.09,40,UPI,26,24404,2.5,154035.08,129631.08
1306,Mumbai,CNG,1385,83.65,246,UPI,24,30380,4.6,115855.25,85475.25
1307,Chennai,Petrol,4411,113.81,136,UPI,16,30520,4.3,502015.91,471495.91
1308,Mumbai,Diesel,2483,110.67,161,Cash,23,24173,4.9,274793.61,250620.61
1309,Delhi,Diesel,3339,116.19,58,Cash,24,28989,4.5,387958.41,358969.41
1310,Delhi,Diesel,2239,104.08,271,UPI,7,29519,1.7,233035.12,203516.12
1311,Chennai,Diesel,1804,99.11,226,Card,19,27439,3.1,178794.44,151355.44
1312,Hyderabad,Petrol,462,98.4,229,UPI,6,16413,4.2,45460.8,29047.8
1313,Bangalore,Petrol,2704,97.63,134,UPI,25,19995,3.4,263991.52,243996.52
1314,Chennai,Electric,1816,109.85,244,Cash,6,28559,3.9,199487.6,170928.6
1315,Bangalore,CNG,4551,107.7,153,UPI,26,28513,2.5,490142.7,461629.7
1316,Bangalore,Electric,4386,102.96,270,Cash,7,10021,2.7,451582.56,441561.56
1317,Hyderabad,Petrol,3838,96.22,238,Card,10,37464,3.8,369292.36,331828.36
1318,Bangalore,Diesel,2569,123.03,110,Card,19,26119,3.9,316064.07,289945.07
1319,Bangalore,Electric,4895,109.3,65,UPI,14,34299,4.4,535023.5,500724.5
1320,Hyderabad,Petrol,656,89.22,57,Card,13,30517,2.8,58528.32,28011.32
1321,Bangalore,Petrol,925,97.87,161,Cash,5,18117,3.8,90529.75,72412.75
1322,Bangalore,Diesel,2908,109.45,119,UPI,20,27250,3.0,318280.6,291030.6
1323,Bangalore,Diesel,4621,95.6,209,UPI,10,23950,2.7,441767.6,417817.6
1324,Chennai,CNG,2819,104.81,54,Card,13,22359,3.5,295459.39,273100.39
1325,Chennai,Petrol,3608,109.61,166,UPI,8,28596,2.9,395472.88,366876.88
1326,Chennai,Diesel,3841,74.89,49,UPI,6,30530,3.1,287652.49,257122.49
1327,Hyderabad,Petrol,1674,101.14,103,Card,8,6262,3.3,169308.36,163046.36
1328,Delhi,Petrol,4098,101.45,289,Cash,5,27615,3.1,415742.1,388127.1
1329,Bangalore,Petrol,2229,98.7,173,UPI,23,8327,2.7,220002.3,211675.3
1330,Bangalore,CNG,2503,104.41,121,UPI,29,34768,2.7,261338.23,226570.23
1331,Hyderabad,Diesel,3429,107.26,234,UPI,14,33850,3.0,367794.54,333944.54
1332,Bangalore,Diesel,688,103.14,169,UPI,25,21848,2.6,70960.32,49112.32
1333,Chennai,Petrol,2112,99.01,102,Cash,19,20160,4.1,209109.12,188949.12
1334,Delhi,CNG,1647,107.06,129,Cash,26,38998,3.2,176327.82,137329.82
1335,Mumbai,Petrol,394,102.39,294,Card,23,32230,3.2,40341.66,8111.66
1336,Bangalore,CNG,2085,100.15,220,UPI,20,14076,3.3,208812.75,194736.75
1337,Chennai,Petrol,3217,91.5,192,Cash,25,8805,4.2,294355.5,285550.5
1338,Mumbai,Petrol,1790,89.5,225,UPI,28,36085,4.7,160205.0,124120.0
1339,Delhi,Diesel,1236,91.35,82,UPI,26,19715,4.4,112908.6,93193.6
1340,Mumbai,Petrol,2164,104.23,92,Cash,8,10750,4.3,225553.72,214803.72
1341,Chennai,Diesel,4555,101.37,270,UPI,6,18232,3.7,461740.35,443508.35
1342,Mumbai,Diesel,4895,90.16,143,UPI,29,11953,4.2,441333.2,429380.2
1343,Hyderabad,Petrol,4643,107.17,140,UPI,17,37093,3.9,497590.31,460497.31
1344,Mumbai,CNG,4870,112.99,294,UPI,5,30500,3.0,550261.3,519761.3
1345,Bangalore,Petrol,1107,97.21,139,Cash,21,27418,3.0,107611.47,80193.47
1346,Bangalore,Diesel,2614,88.07,183,UPI,17,39314,3.2,230214.98,190900.98
1347,Hyderabad,Electric,3626,96.33,284,UPI,8,27449,4.8,349292.58,321843.58
1348,Chennai,Diesel,4781,108.84,180,UPI,11,22478,3.9,520364.04,497886.04
1349,Bangalore,Petrol,1347,106.39,108,UPI,21,30338,2.4,143307.33,112969.33
1350,Delhi,Electric,4002,94.62,161,UPI,13,31899,3.4,378669.24,346770.24
1351,Bangalore,Diesel,1535,114.17,222,Card,8,9145,3.5,175250.95,166105.95
1352,Bangalore,Petrol,671,112.79,246,UPI,23,37101,2.8,75682.09,38581.09
1353,Chennai,Petrol,2482,96.14,241,UPI,5,7775,2.9,238619.48,230844.48
1354,Mumbai,Diesel,1345,96.05,60,Card,14,36647,4.6,129187.25,92540.25
1355,Bangalore,Diesel,2184,97.26,215,UPI,8,24539,4.0,212415.84,187876.84
1356,Hyderabad,Diesel,377,97.94,87,UPI,13,31616,3.3,36923.38,5307.38
1357,Mumbai,CNG,1987,109.6,283,Cash,17,19119,4.5,217775.2,198656.2
1358,Delhi,Diesel,4679,105.4,21,Cash,18,30159,3.1,493166.6,463007.6
1359,Chennai,Petrol,1365,109.02,144,Card,14,15295,4.9,148812.3,133517.3
1360,Delhi,Petrol,4926,107.39,129,UPI,10,39710,3.4,529003.14,489293.14
1361,Mumbai,Petrol,1140,115.72,105,Card,20,29685,3.3,131920.8,102235.8
1362,Mumbai,Diesel,1017,93.52,139,UPI,10,30479,3.3,95109.84,64630.84
1363,Mumbai,Petrol,985,105.04,146,UPI,21,38629,2.8,103464.4,64835.4
1364,Delhi,Diesel,2852,84.61,274,Cash,14,22033,2.8,241307.72,219274.72
1365,Mumbai,Diesel,121,91.46,202,UPI,22,20408,4.1,11066.66,-9341.34
1366,Delhi,CNG,4669,101.4,35,UPI,26,22420,4.7,473436.6,451016.6
1367,Mumbai,Petrol,3291,105.35,81,Card,22,21351,4.5,346706.85,325355.85
1368,Hyderabad,CNG,2453,101.19,177,Cash,7,9131,2.9,248219.07,239088.07
1369,Mumbai,Petrol,4899,97.46,287,UPI,24,16349,3.9,477456.54,461107.54
1370,Delhi,CNG,786,98.88,54,UPI,25,17453,2.8,77719.68,60266.68
1371,Bangalore,Petrol,384,112.96,286,UPI,29,23814,2.6,43376.64,19562.64
1372,Mumbai,Petrol,4911,98.93,83,UPI,19,23263,4.1,485845.23,462582.23
1373,Bangalore,Diesel,3847,115.99,69,UPI,19,17158,3.8,446213.53,429055.53
1374,Hyderabad,Petrol,862,108.35,274,Cash,8,20735,2.7,93397.7,72662.7
1375,Chennai,Petrol,2528,105.66,168,UPI,13,20830,2.6,267108.48,246278.48
1376,Hyderabad,Diesel,2607,92.45,295,UPI,23,28926,5.0,241017.15,212091.15
1377,Mumbai,Diesel,128,109.48,191,Card,28,39779,2.6,14013.44,-25765.56
1378,Bangalore,Diesel,1006,98.05,220,Card,21,8373,3.6,98638.3,90265.3
1379,Bangalore,Diesel,3204,92.44,54,UPI,15,15335,3.8,296177.76,280842.76
1380,Delhi,Diesel,4099,106.1,235,UPI,29,28741,2.8,434903.9,406162.9
1381,Bangalore,Petrol,3094,90.9,84,Card,13,15692,2.9,281244.6,265552.6
1382,Delhi,Petrol,2606,95.9,27,UPI,14,39057,3.4,249915.4,210858.4
1383,Chennai,Petrol,4765,101.92,95,Card,22,6447,4.4,485648.8,479201.8
1384,Mumbai,Electric,3709,119.75,193,Cash,24,24583,3.8,444152.75,419569.75
1385,Delhi,Diesel,3653,96.5,66,UPI,17,27765,4.1,352514.5,324749.5
1386,Chennai,Petrol,1553,98.33,34,Card,12,28906,5.0,152706.49,123800.49
1387,Bangalore,Diesel,4933,107.86,166,Card,11,24567,4.4,532073.38,507506.38
1388,Bangalore,Electric,3456,92.09,45,UPI,21,19139,3.6,318263.04,299124.04
1389,Chennai,Petrol,615,105.54,112,UPI,25,24520,3.6,64907.1,40387.1
1390,Bangalore,Diesel,138,111.65,251,UPI,27,24702,4.0,15407.7,-9294.3
1391,Chennai,Diesel,3442,99.54,40,Cash,19,30566,4.2,342616.68,312050.68
1392,Delhi,Diesel,986,110.21,57,UPI,24,12657,3.8,108667.06,96010.06
1393,Delhi,Petrol,2944,104.33,295,UPI,19,35134,4.1,307147.52,272013.52
1394,Chennai,CNG,2304,96.15,176,Card,5,15345,2.6,221529.6,206184.6
1395,Delhi,Electric,1198,100.42,198,UPI,29,32413,3.6,120303.16,87890.16
1396,Delhi,Diesel,1923,98.96,151,Cash,18,10208,3.2,190300.08,180092.08
1397,Delhi,Diesel,3301,101.3,47,Cash,9,38455,2.8,334391.3,295936.3
1398,Hyderabad,Electric,3255,103.22,279,UPI,15,33018,2.7,335981.1,302963.1
1399,Mumbai,Diesel,3193,106.71,95,UPI,20,13080,4.0,340725.03,327645.03
1400,Bangalore,Petrol,3630,106.07,86,UPI,6,26902,3.8,385034.1,358132.1
1401,Hyderabad,Diesel,3878,82.55,213,UPI,12,14486,3.1,320128.9,305642.9
1402,Delhi,Diesel,2996,101.22,181,Card,15,26158,3.7,303255.12,277097.12
1403,Chennai,Petrol,3553,89.92,276,Card,22,25519,3.7,319485.76,293966.76
1404,Delhi,Diesel,3611,99.79,91,UPI,7,36379,3.0,360341.69,323962.69
1405,Mumbai,Electric,1088,101.01,106,Card,5,33378,4.1,109898.88,76520.88
1406,Delhi,Electric,4216,109.81,281,UPI,15,19031,4.5,462958.96,443927.96
1407,Chennai,Diesel,4126,101.76,233,UPI,20,19536,4.5,419861.76,400325.76
1408,Mumbai,Petrol,4279,104.07,172,Cash,22,5446,4.0,445315.53,439869.53
1409,Delhi,Electric,1782,108.34,229,UPI,20,22618,3.8,193061.88,170443.88
1410,Mumbai,CNG,4765,111.82,80,UPI,27,11587,2.7,532822.3,521235.3
1411,Bangalore,Petrol,4063,101.02,287,Card,14,36480,3.2,410444.26,373964.26
1412,Bangalore,Electric,1033,102.75,281,UPI,22,37994,2.7,106140.75,68146.75
1413,Delhi,CNG,3698,102.08,237,Card,10,25527,4.9,377491.84,351964.84
1414,Mumbai,Diesel,3333,97.66,155,UPI,23,28569,2.8,325500.78,296931.78
1415,Chennai,Diesel,2080,95.85,112,Cash,8,16151,2.9,199368.0,183217.0
1416,Delhi,Petrol,1955,83.82,128,Card,17,10558,4.7,163868.1,153310.1
1417,Bangalore,Petrol,3156,93.39,260,UPI,28,37954,4.9,294738.84,256784.84
1418,Bangalore,Petrol,892,87.77,161,UPI,18,39700,4.4,78290.84,38590.84
1419,Delhi,CNG,891,112.04,256,UPI,7,32500,2.5,99827.64,67327.64
1420,Mumbai,Petrol,1909,103.51,196,Cash,14,7032,2.5,197600.59,190568.59
1421,Bangalore,Petrol,2355,100.99,160,UPI,10,6252,3.4,237831.45,231579.45
1422,Mumbai,Petrol,3710,96.26,208,UPI,5,10509,2.9,357124.6,346615.6
1423,Bangalore,Diesel,1707,102.24,68,UPI,27,18900,2.5,174523.68,155623.68
1424,Bangalore,Electric,1084,95.22,209,Card,28,19523,3.7,103218.48,83695.48
1425,Hyderabad,Petrol,3776,103.39,155,UPI,18,6881,4.9,390400.64,383519.64
1426,Bangalore,Petrol,3480,103.97,62,Cash,12,38037,3.3,361815.6,323778.6
1427,Chennai,Diesel,619,95.11,109,UPI,23,6630,4.2,58873.09,52243.09
1428,Delhi,Diesel,690,94.96,264,Card,18,25789,4.1,65522.4,39733.4
1429,Delhi,Petrol,1150,109.7,211,Cash,14,27523,3.1,126155.0,98632.0
1430,Mumbai,Diesel,3733,101.58,125,Cash,21,22958,4.1,379198.14,356240.14
1431,Bangalore,Petrol,4544,95.75,252,Cash,13,6695,3.0,435088.0,428393.0
1432,Chennai,Petrol,1059,99.04,284,Cash,10,19821,2.8,104883.36,85062.36
1433,Mumbai,Diesel,792,93.92,56,Card,15,8262,4.3,74384.64,66122.64
1434,Hyderabad,Petrol,3999,101.46,60,UPI,29,6445,2.8,405738.54,399293.54
1435,Mumbai,Electric,4573,108.65,36,UPI,11,21436,5.0,496856.45,475420.45
1436,Mumbai,Petrol,3046,101.78,296,UPI,21,14949,3.0,310021.88,295072.88
1437,Bangalore,Diesel,626,120.91,78,UPI,5,28963,4.0,75689.66,46726.66
1438,Hyderabad,Diesel,3324,105.37,202,Card,26,34932,3.5,350249.88,315317.88
1439,Mumbai,Petrol,2353,103.84,60,Card,9,11901,2.8,244335.52,232434.52
1440,Chennai,Diesel,3444,94.73,58,UPI,13,38487,2.6,326250.12,287763.12
1441,Chennai,Petrol,4065,100.09,211,Card,22,13597,4.1,406865.85,393268.85
1442,Delhi,Electric,1975,95.77,286,UPI,28,11855,4.5,189145.75,177290.75
1443,Hyderabad,Petrol,1863,84.67,166,UPI,25,23678,4.6,157740.21,134062.21
1444,Hyderabad,Petrol,620,109.79,146,Cash,6,13263,3.7,68069.8,54806.8
1445,Delhi,Petrol,1116,97.91,65,UPI,15,30805,4.4,109267.56,78462.56
1446,Mumbai,Electric,216,95.92,64,UPI,10,31143,4.2,20718.72,-10424.28
1447,Hyderabad,Diesel,2533,103.68,20,Card,12,16874,4.3,262621.44,245747.44
1448,Chennai,Diesel,683,106.1,187,UPI,8,32529,3.7,72466.3,39937.3
1449,Chennai,Petrol,494,99.43,127,Card,22,25866,4.1,49118.42,23252.42
1450,Bangalore,Diesel,3888,101.98,38,UPI,15,19079,4.5,396498.24,377419.24
1451,Hyderabad,Petrol,2868,107.97,91,Card,9,12243,3.5,309657.96,297414.96
1452,Mumbai,CNG,4267,99.12,128,UPI,19,34872,4.5,422945.04,388073.04
1453,Delhi,Petrol,3960,104.42,287,UPI,22,14018,4.0,413503.2,399485.2
1454,Delhi,Petrol,373,88.73,259,UPI,6,17100,2.9,33096.29,15996.29
1455,Mumbai,Petrol,2113,92.07,109,Card,26,24800,2.6,194543.91,169743.91
1456,Bangalore,Diesel,4533,106.84,122,Cash,15,31910,3.4,484305.72,452395.72
1457,Delhi,Diesel,1489,91.65,269,Card,29,34437,3.9,136466.85,102029.85
1458,Hyderabad,Petrol,3666,103.87,27,Cash,17,16001,4.6,380787.42,364786.42
1459,Bangalore,Diesel,4802,100.82,172,UPI,8,24942,2.8,484137.64,459195.64
1460,Hyderabad,Diesel,265,99.08,193,Card,26,25862,4.5,26256.2,394.2
1461,Chennai,Diesel,1667,95.37,177,UPI,11,16669,4.7,158981.79,142312.79
1462,Bangalore,Petrol,828,109.27,234,Cash,15,20916,2.9,90475.56,69559.56
1463,Delhi,Petrol,2143,115.84,196,UPI,26,15878,4.6,248245.12,232367.12
1464,Bangalore,Diesel,4297,104.4,194,Card,28,7985,5.0,448606.8,440621.8
1465,Bangalore,Petrol,3596,104.58,165,Cash,8,37369,4.3,376069.68,338700.68
1466,Bangalore,Petrol,878,96.54,180,Card,19,13112,4.5,84762.12,71650.12
1467,Bangalore,CNG,313,92.43,146,Cash,5,23931,5.0,28930.59,4999.59
1468,Hyderabad,Electric,3862,101.68,101,Card,27,32340,4.0,392688.16,360348.16
1469,Chennai,Petrol,1676,94.21,166,Card,7,5336,3.3,157895.96,152559.96
1470,Mumbai,Petrol,2548,87.82,258,UPI,18,24363,4.6,223765.36,199402.36
1471,Bangalore,Diesel,3036,108.43,103,UPI,10,8968,4.0,329193.48,320225.48
1472,Delhi,Petrol,3217,108.82,132,UPI,22,38678,4.0,350073.94,311395.94
1473,Bangalore,Petrol,691,95.13,244,UPI,29,21279,3.1,65734.83,44455.83
1474,Delhi,Petrol,2820,103.95,262,Cash,5,8129,4.4,293139.0,285010.0
1475,Hyderabad,Diesel,813,110.02,162,Cash,10,10850,2.7,89446.26,78596.26
1476,Delhi,Diesel,1035,103.64,60,Cash,10,25588,4.8,107267.4,81679.4
1477,Mumbai,Petrol,4437,92.45,277,UPI,25,16949,3.3,410200.65,393251.65
1478,Chennai,Petrol,101,100.14,124,UPI,20,13519,2.8,10114.14,-3404.86
1479,Delhi,Petrol,2948,112.61,221,UPI,9,31375,3.6,331974.28,300599.28
1480,Delhi,Diesel,4144,103.98,285,Card,21,38082,2.6,430893.12,392811.12
1481,Chennai,Petrol,2049,106.31,229,UPI,14,16737,4.2,217829.19,201092.19
1482,Mumbai,Petrol,1017,104.73,70,UPI,25,6134,4.8,106510.41,100376.41
1483,Bangalore,Diesel,3274,95.16,137,UPI,22,15938,4.6,311553.84,295615.84
1484,Delhi,Petrol,2341,97.03,220,Card,11,29486,2.8,227147.23,197661.23
1485,Chennai,Diesel,189,104.71,58,Card,7,31096,2.3,19790.19,-11305.81
1486,Hyderabad,Petrol,1809,108.53,47,Card,17,10592,4.5,196330.77,185738.77
1487,Chennai,Petrol,2269,110.8,278,Card,19,23108,4.8,251405.2,228297.2
1488,Hyderabad,Petrol,4338,95.14,103,Cash,24,22270,2.3,412717.32,390447.32
1489,Mumbai,Diesel,3141,105.46,174,Card,23,32649,3.7,331249.86,298600.86
1490,Bangalore,CNG,205,111.5,136,UPI,7,15997,3.3,22857.5,6860.5
1491,Chennai,CNG,986,94.1,21,Cash,8,38489,2.5,92782.6,54293.6
1492,Delhi,Petrol,527,113.89,112,Card,9,14104,4.1,60020.03,45916.03
1493,Mumbai,Diesel,1995,115.11,185,Cash,5,5870,3.2,229644.45,223774.45
1494,Chennai,Petrol,416,123.0,277,UPI,8,33684,3.2,51168.0,17484.0
1495,Delhi,Petrol,734,103.85,100,Cash,16,39524,4.7,76225.9,36701.9
1496,Chennai,CNG,2025,103.89,287,UPI,28,35957,2.5,210377.25,174420.25
1497,Hyderabad,Petrol,2156,108.62,254,UPI,14,38885,3.3,234184.72,195299.72
1498,Chennai,Petrol,3244,108.38,232,UPI,27,34866,3.9,351584.72,316718.72
1499,Chennai,Petrol,2370,111.01,81,UPI,29,35676,2.9,263093.7,227417.7
1500,Chennai,Petrol,1539,108.27,68,UPI,25,18878,2.7,166627.53,147749.53
